Filename, PreservedFileName
iss046e050739.jpg, CrewDetector_20160202_104151.jpg
iss046e050740.jpg, CrewDetector_20160202_133511.jpg
iss046e050741.jpg, CrewDetector_20160203_105247.jpg
iss046e050742.jpg, CrewDetector_20160204_223559.jpg
iss046e050743.jpg, CrewDetector_20160205_071419.jpg
iss046e050744.jpg, CrewDetector_20160205_155309.jpg
iss046e050745.jpg, CrewDetector_20160205_185746.jpg
iss046e050746.jpg, CrewDetector_20160206_085850.jpg
iss046e050747.jpg, CrewDetector_20160208_161507.jpg
iss046e050748.jpg, CrewDetector_20160208_185954.jpg
iss046e050749.jpg, CrewDetector_20160209_082332.jpg
